,type,id,text,ups,label_a,label_b
0,source,529660296080916480,Prince is playing a secret show in Toronto tonight. I will also be playing a secret show tonight involving pizza &amp; netflix bingeing.,47,0,0.0
1,source,529653029747064832,Prince fans lining up at Massey Hall. Wristbands for surprise show reportedly on sale at $NUMBER$pm. $HASHTAG$ $URL$,7,0,0.0
2,source,529687410611728384,Is it true? Prince rumoured to be performing surprise show in Toronto $URL$,8,3,0.0
3,source,529713467184676864,Secret Prince show rumored for Toronto tonight $URL$,37,0,0.0
4,source,529689679411810304,People talking about stupid shit like government corruption and harassment when Prince is in Toronto smh,5,0,0.0
5,source,529716453792956416,Is $HASHTAG$ in $HASHTAG$? Rumours fly of surprise show... $MENTION$ $URL$,1,3,0.0
6,source,529695367680761856,OMG. $HASHTAG$ rumoured to be performing in Toronto today. Exciting!,9,0,0.0
7,source,529695483661664257,Clearly prince is having a show in $HASHTAG$ $MENTION$ $HASHTAG$ $HASHTAG$ $HASHTAG$ $HASHTAG$ $URL$,4,0,0.0
8,source,529739968470867968,"Prince not playing Massey Hall tonight, promoter says $URL$ $URL$C",8,2,0.0
9,source,529540733020405760,"PRINCE IN TORONTO TONIGHT: $MENTION$ tweeted this morning to say OTNOROT CALLING, which is Toronto backwards, obviously.... Seems it's on!",7,0,0.0
10,source,529654186791944192,Prince rumoured to be performing in surprise show in Toronto $URL$c $URL$2,5,0,0.0
11,source,529720273285566464,"In response to inquiries, we can confirm that Prince will not be performing at $MENTION$ tonight.",49,0,0.0
12,source,524990163446140928,"Police have clarified that there were two shootings in Ottawa today, not three: at the War Memorial and Parliament Hill.",70,2,0.0
13,source,524947416869388288,Reports now that $NUMBER$nd shooter has been shot in downtown Ottawa $HASHTAG$,101,0,0.0
14,source,524942470472548352,"The University of Ottawa, just a five minute walk from the Hill, is now on lockdown.",7,0,1.0
15,source,525032872647065600,"BREAKING: Michael Zehaf-Bebeau had been designated ""high-risk traveller"" by CDN govt, which confiscated his passport $URL$",19,0,2.0
16,source,524925050739490816,BREAKING NEWS: Soldier shot at National War Memorial in Ottawa $URL$,28,0,1.0
17,source,525028734991343617,CTV News confirms that Canadian authorities have provided US authorities with the name Michael Zehaf-Bibeau in connection to Ottawa shooting,54,0,1.0
18,source,524959809402331137,Senior U.S. official: Canadian government has informed U.S. that one shooter is dead in Ottawa. Live blog: $URL$,181,0,1.0
19,source,524948206023880704,"The latest $MENTION$ on $HASHTAG$ shootings. Gunman killed inside Parliament, soldier shot at War Memorial. $URL$ $HASHTAG$",60,0,1.0
20,source,524993533212897281,"FBI assisting in the case of the Ottawa shooting, sources have confirmed to CTV News",89,0,2.0
21,source,525056576038518785,Soldier killed in Canada shooting was a young reservist with a six-year-old son $URL$ $URL$,416,0,1.0
22,source,524923676484177920,BREAKING - Shooting on Parliament Hill. RCMP have weapons drawn $HASHTAG$ $URL$,41,0,1.0
23,source,524949443607412737,"Ottawa Police report a third shooting at Rideau Centre, no reports of injuries.",73,0,0.0
24,source,525049639016615937,This is the soldier who died today at the $HASHTAG$ War Memorial. His name is Cpl. Nathan Cirillo. $HASHTAG$ $HASHTAG$ $URL$,97,0,1.0
25,source,524926235030589440,BREAKING NEWS: At least $NUMBER$ shots fired at Ottawa War Memorial. One soldier confirmed shot - $URL$ $URL$9,17,0,1.0
26,source,524927281048080385,Snipers set up on National Art Gallery as we remain barricaded in Centre Block on Parliament Hill $HASHTAG$. $URL$,279,0,2.0
27,source,525003468659228672,These are not timid colours; soldiers back guarding Tomb of Unknown Soldier after today's shooting $HASHTAG$ $URL$,187,0,0.0
28,source,524932935137628160,The gunman in Ottawa has been shot and killed. I'm at a loss for words this morning. That isn't my Canada.,331,0,1.0
29,source,525068915068923904,***EXCLUSIVE*** Michael Zahaf-Bibeau caught on a $HASHTAG$ model sold at $URL$ $HASHTAG$ $URL$,85,0,1.0
30,source,524931324763992064,Very reliable source on Parliament Hill tells me the assailant has been killed. $HASHTAG$ $HASHTAG$,21,0,1.0
31,source,524975705206304769,$HASHTAG$ cancels tonight's game between $HASHTAG$ and $HASHTAG$ due to today's shootings. Senators were to host Maple Leafs.,127,0,1.0
32,source,524947674164760577,BREAKING NEWS: New York Times is reporting the Canadian soldier who was shot has died from their injuries. Heartbreaking. $HASHTAG$ $HASHTAG$,6,0,1.0
33,source,524926472432410625,"One person shot outside Centre Block, a second wounded inside the building in Parliament Hill shooting $URL$U",13,0,2.0
34,source,525019752507658240,"$HASHTAG$ Media account posts picture claiming to be Michael Zehaf-Bibeau, dead $HASHTAG$ suspect. $HASHTAG$ $URL$",224,0,1.0
35,source,524932056560963584,"BREAKING: At least $NUMBER$ shots have been fired in the Canadian parliament in Ottawa, according to witnesses.",20,0,2.0
36,source,525023025792835585,$HASHTAG$ RT $MENTION$: Soldier killed at war memorial identified as Cpl. Nathan Cirillo $HASHTAG$ $URL$,58,0,1.0
37,source,524964948683005952,"$HASHTAG$ police confirm to $HASHTAG$ they are still seeking $NUMBER$ or more suspects after shootings on Parliament Hill, War Memorial, nearby mall.",118,0,0.0
38,source,524944399890124801,Recap: Gunman shot dead inside Parliament buildings; police believe there may be others on loose. Cdn soldier shot earlier at War Memorial.,130,0,1.0
39,source,524970851675176960,Canada's parliament building locked down after shooting; at least one guard injured: $URL$ Photo: AP $URL$,56,0,2.0
40,source,524983581983375360,"Police now say there were two shooting incidents in Ottawa: one at the war memorial, the other on Parliament Hill. $URL$",201,0,0.0
41,source,524947867975561216,"Ottawa Police Service: There were ""numerous gunmen"" at the Canada War Memorial shooting. One person was shot. $URL$",250,0,0.0
42,source,524969201102901248,MPs credit sergeant-at-arms for saving lives in Parliament Hill shootings $URL$ $URL$9,247,0,1.0
43,source,524965775036387329,"Hero. $MENTION$: Kevin Vickers, head of security in parliament, being credited for taking down shooter $HASHTAG$ $URL$""",68,0,1.0
44,source,524937542131793920,We are in full lock down until further notice from Ottawa Police.,20,0,2.0
45,source,524922729485848576,Only photo I will tweet. CPR being performed on the soldier now. I heard four shots. $HASHTAG$ $URL$,10,0,1.0
46,source,524981436252950528,Canadian authorities have given name of suspect in Ottawa attacks to U.S. feds; ask for FBI assistance: Sr U.S. law enforcement official,35,0,2.0
47,source,524972443308683264,Statement from Ottawa Hospital: received $NUMBER$ patients. $NUMBER$ in stable condition. $URL$,20,0,2.0
48,source,524925987239120897,Soldier shot at National War Memorial in Ottawa $URL$ $HASHTAG$ $HASHTAG$,13,0,1.0
49,source,525025463648137216,BREAKING: A source confirms to CP24 that the deceased soldier in Ottawa is Cpl. Nathan Cirillo. Cirillo was a member of the Hamilton Argylls,54,0,1.0
50,source,524940659778920448,Attack on Parliament: Soldier shot; gunman on the loose. Follow our developing story: $URL$ $URL$,14,0,2.0
51,source,524936872666353664,More shots fired just off Parliament Hill. Police telling everyone to take cover.,194,0,1.0
52,source,524961721744900097,"Canadian soldier who was shot at $HASHTAG$'s War Memorial is a reservist serving with the Argyll and Sutherland Highlanders in $HASHTAG$, Ont.",145,0,1.0
53,source,524962142563610625,$HASHTAG$ Rick Hughes at CBC Hamilton: The soldier who was shot in Ottawa Wednesday morning is a reservist serving in Hamilton,30,0,1.0
54,source,524956129017995264,"Police say shots fired at $NUMBER$ $HASHTAG$ sites - National War Memorial, Parliament Hill, and now Rideau shopping centre $URL$c",134,0,0.0
55,source,524935485370929152,Shooting in Canadian parliament comes day after ISIS-inspired radical drove in2 Canadian soldier. Also reports of shooting at War memorial/1,11,0,1.0
56,source,525025279803424768,The soldier shot dead in Wednesday's Ottawa attacks has been named as Cpl. Nathan Cirillo of $HASHTAG$ $HASHTAG$ $URL$,36,0,1.0
57,source,524980744658382848,"$HASHTAG$ to hold news conference on $HASHTAG$ shootings at $NUMBER$ pm ET, $NUMBER$ am PT. Watch live coverage $MENTION$ $URL$",65,0,1.0
58,source,524925730053181440,"Shooter still on loose after uniformed soldier shot at $HASHTAG$'s War Memorial, across road from Parliament. MP's being taken out of offices.",66,0,2.0
59,source,524941720249978880,Footage from Globe reporter captures exchange of gun fire in Parliament Hill building $URL$,144,0,1.0
60,source,525060425184858112,"The Canadian soldier killed in today's Ottawa shooting is Cpl. Nathan Cirillo, a family source told CNN. Live blog: $URL$",232,0,1.0
61,source,525058976376193024,Our thoughts and prayers go out to Nathan Cirillo who died today in Ottawa while protecting his country at age $NUMBER$ $URL$,351,0,1.0
62,source,524966904885428226,BREAKING UPDATE: Canadian soldier injured at Parliament Hill shooting dies $URL$ $HASHTAG$,23,0,1.0
63,source,524923462398513152,Shots fired on parliament hill after a man walked up with a gun. I'm locked in a security office on parliament hill,20,0,1.0
64,source,524943490887991296,"CONFIRMED | $NUMBER$ shooter shot dead at Parliament Hill, but there is more than $NUMBER$ suspect. $HASHTAG$ $HASHTAG$",129,2,1.0
65,source,524991576163250176,MORE: Police believe three gunmen were involved in shootings in Ottawa this morning and are looking for two shooters. $URL$C,28,0,0.0
66,source,524925215235911680,$HASHTAG$ news: Shots fired at Parliament Hill. Follow developing story: $URL$ $URL$,80,0,1.0
67,source,524923293711998976,At the war memorial in. Ottawa. A soldier has been shot. They are giving him treatment now. $HASHTAG$ $URL$,80,0,1.0
68,source,524924619812511746,Witness tells $HASHTAG$ suspected shooter of uniformed soldier at $HASHTAG$'s War Memorial was carrying rifle.,12,0,2.0
69,source,524952883343925249,Watch video showing gunfire inside Canada's parliament in Ottawa $URL$ $URL$,312,0,1.0
70,source,524936793633083394,Very tense situation in Ottawa this morning. Multiple gun shots fired outside of our caucus room. I am safe and in lockdown. Unbelievable.,32,0,1.0
71,source,524948866773184512,Ottawa police issued a statement. Three separate shooting incidents. Once inside parliament. One at the war memorial. One at Rideau Centre,10,0,0.0
72,source,524929497205055488,"Canada's Parliament Hill is on lockdown as police hunt shooting suspect; at least $NUMBER$ injured - $MENTION$, $MENTION$ $URL$",45,0,2.0
73,source,524941132237910016,Here's that dramatic video via $MENTION$ of shots fired inside parliament building: $URL$ $HASHTAG$ $HASHTAG$,24,0,1.0
74,source,524995771587108864,This afternoon we've lowered our flags to half mast in honour of the Canadian Reservist who lost his life in Ottawa. $URL$,94,0,1.0
75,source,758159624122097664,"Anyone who knows Marina Joyce personally knows she has a serious drug addiction. she needs help, but in the form of rehab $HASHTAG$",2123,0,0.0
76,source,767725956706414592,"""Go online &amp; put down 'Hillary Clinton illness,'"" Rudy says. Yes -- but look up the truth -- not health smears $URL$",97,2,0.0
77,source,763098277986209792,Hillary Mystery Handler Spotted With Diazepam Pen (seizure drugs) Right Next to Her ►► $URL$ $URL$,153,0,0.0
78,source,775057555865206784,What do you think Hillary is suffering from?,34,0,0.0
79,source,774991078265094144,"Except for the coughing, fainting, apparent seizures and ""short-circuits,"" Hillary is in the peak of health.",1114,0,0.0
80,source,768859780240773121,Sick Hillary is seen here using great caution as she attempts to get out of a car. $HASHTAG$ $URL$,189,0,0.0
81,source,764927075522260992,Secret Service tells Infowars: Hillary seriously ill; needs special accommodations Tune in $NUMBER$pm-6pm CST $URL$ $HASHTAG$ $HASHTAG$,462,0,0.0
82,source,769988636754505729,$NUMBER$ days since Sick Hillary had a press conference.,1635,0,0.0
83,source,581153923987206146,"Germanwings co-pilot battled depression in '09, friends say. $URL$ $URL$ud",62,0,2.0
84,source,580326222107951104,"Heart goes out to $NUMBER$ passengers and crew of Germanwings Airbus A320 that has crashed in French Alps, Southern France $URL$",94,0,0.0
85,source,580371845997682688,"$HASHTAG$ took eight minutes to descend from $NUMBER$,000 feet to impact, says Germanwings CEO Winkelmann.",9,0,1.0
86,source,581063377226637312,$HASHTAG$: Robin names Andreas Lubitz as the copilot in the flight deck who crashed the aircraft.,3,0,1.0
87,source,580339825649291264,$HASHTAG$ passenger plane crashes in French Alps with $NUMBER$ onboard $URL$0 $URL$,42,0,0.0
88,source,580339547269144576,"Latest on $HASHTAG$ crash: Pilots signaled $NUMBER$ before dropping out of midair; airline CEO calls this a ""dark day."" $URL$",33,0,0.0
89,source,580352273001410560,NEWS: 'Emergency Emergency' was the final distress call that was sent from the cockpit of flight $HASHTAG$ - $MENTION$,21,0,0.0
90,source,580320684305416192,"Accident aircraft looks to be Germanwings (Airline code $NUMBER$U or GWI) flight $NUMBER$, Barcelona to Dusseldorf. $HASHTAG$ $URL$",10,0,2.0
91,source,580360165540642816,"$MENTION$ reporter James André at French Civil Aviation Authority HQ: ""$HASHTAG$ plane did NOT report distress signal"", no mayday.",4,2,0.0
92,source,581359544682614784,Germanwings co-pilot had serious depressive episode: Bild newspaper $URL$D21,53,0,2.0
93,source,580340476949086208,BREAKING: $NUMBER$ feared dead in crashed $HASHTAG$ flight $URL$,32,0,0.0
94,source,580333763512705025,$HASHTAG$ latest: $URL$ - $HASHTAG$ A320 crashes in French Alps - Barcelona-to-Dusseldorf flight - $NUMBER$ passengers &amp; $NUMBER$ crew,523,0,0.0
95,source,580319184652890113,BREAKING: $NUMBER$ passengers were on board $HASHTAG$ Airbus A320 which has crashed in the southern French Alps $URL$,5,0,0.0
96,source,580325090367315968,"Flight $HASHTAG$ initially climbed to $NUMBER$,000 feet before before it started to descend and lost signal at $NUMBER$,800 feet. $URL$",202,0,2.0
97,source,581290271997968384,GERMAN NEWS: Co-Pilot of Germanwings Airbus Was MUSLIM CONVERT …’Hero of Islamic State’? $URL$ via $MENTION$,39,0,0.0
98,source,580319078155468800,Germanwings Airbus A320 crashes in French Alps near Digne $URL$,684,0,1.0
99,source,580331561398108160,"$NUMBER$ call: DGAC source says pilots called «urgence, urgence» (“emergency, emergency”), as opposed to a mayday call or $NUMBER$ squawk. $HASHTAG$",14,0,0.0
100,source,580323060533764097,Germanwings passenger plane crashes in France: $URL$,10,0,1.0
101,source,580321156508577792,Now hearing $NUMBER$ passengers + crew on board the $HASHTAG$ that has crashed in southern French Alps. $HASHTAG$ flight. $MENTION$,17,0,0.0
102,source,581386094337474560,$RESERVED$ $MENTION$: German media reporting $HASHTAG$ had a 'serious depressive episode' six years ago $URL$ $HASHTAG$,10,0,2.0
103,source,581293286268129280,GERMAN NEWS: Co-Pilot of Germanwings Airbus Was MUSLIM CONVERT. Can any muslim be trusted near an airplane now?,22,0,0.0
104,source,580322453928431617,German Wings airline tweeting now about reports of plane crashing in French Alps with $NUMBER$ on board: $MENTION$ $URL$,17,0,0.0
105,source,580348081100734464,"$HASHTAG$ ""sorry to confirm"" $NUMBER$ passengers &amp; $NUMBER$ crew on board flight $HASHTAG$ when it crashed in French Alps $URL$",497,0,1.0
106,source,580332109782466561,$HASHTAG$ From FL380 to FL110 in $NUMBER$ min? That's average rate of descent $NUMBER$ fpm! Than levelled off at FL068? What the hell was going on there?,15,3,1.0
107,source,581473088249958400,GERMAN NEWS REPORT: Co-Pilot of Germanwings Airbus Was MUSLIM CONVERT …’Hero of Islamic State’? $URL$ via $MENTION$,5,0,0.0
108,source,580333909008871424,French junior minister for Transport Alain Vidalies confirms they are no survivors in the $HASHTAG$ $HASHTAG$ crash. $URL$,1,0,1.0
109,source,580324027715063808,"JUST IN: Germanwings plane crashes in southern France, up to $NUMBER$ feared dead $URL$",17,0,1.0
110,source,581047170637381632,Names of pilots rumored to be Patrick Sonderheimer with co-pilot Andreas Lubitz - No formal confirmation yet. $HASHTAG$,8,0,1.0
111,source,580882341880446977,Report: Co-Pilot Locked Out Of Cockpit Before Fatal Plane Crash $URL$ $HASHTAG$ $URL$,7,0,1.0
112,source,521346721226711040,Unconfirmed reports claim that Michael Essien has contracted Ebola. $URL$,85,0,0.0
113,source,521360486387175424,AC Milan midfielder Michael Essien has been diagnosed with Ebola. Get well soon Michael. [Daily Times] $URL$,328,0,0.0
114,source,553486439129038848,BREAKING: French police tell AP suspects in $HASHTAG$ attack have taken a hostage northeast of Paris.,50,0,0.0
115,source,552978099357237248,"Most compelling image I've seen to come out of horrifying events in Paris, courtesy of Banksy. $HASHTAG$ $URL$",98,0,0.0
116,source,552785375161499649,BREAKING: $NUMBER$ reportedly shot dead at Paris HQ of French weekly Charlie Hebdo $URL$,5,0,1.0
117,source,553549686129561600,UPDATE: Gunman in kosher grocery store is demanding the release of the suspects in $HASHTAG$ shooting - Reports $URL$2,41,0,2.0
118,source,552806757672964097,"UPDATE: $NUMBER$ now confirmed dead in $HASHTAG$ attack in Paris, $MENTION$ is reporting. Story: $URL$ (AP) $URL$9U",55,0,1.0
119,source,553544252563935234,BREAKING: At least $NUMBER$ killed in $HASHTAG$ hostage situation via $MENTION$ $URL$,43,0,2.0
120,source,552996335319007233,"$RESERVED$ $MENTION$: R.I.P. Ahmed Merabet, a French $HASHTAG$ Cop, first victim of $HASHTAG$ attack $URL$",57,0,0.0
121,source,553480082996879360,Reports of fatality and injuries following shootout ahead of Dammartin-en-Goele hunt - live coverage: $URL$ $HASHTAG$,142,0,0.0
122,source,552788945017516032,"Appalled by the attack on Charlie Hebdo in Paris, $NUMBER$ - probably journalists - now confirmed dead. An attack on free speech everywhere.",64,0,1.0
123,source,553586897168392192,$HASHTAG$ : Both Charlie Hebdo suspects killed as police storm building (police sources) $URL$ $URL$,91,0,1.0
124,source,553535829017370625,$HASHTAG$ - At least five hostages in Paris kosher supermarket: (AFP) $URL$ $HASHTAG$ $URL$,18,0,1.0
125,source,553561170637238272,BREAKING: Police order all shops closed in famed Jewish neighborhood in central Paris far from attacks.,171,0,2.0
126,source,553512735192141826,Update - AFP: an unnamed police source says the killing of the policewoman in $HASHTAG$ on Thursday is linked to the $HASHTAG$ attack,28,0,1.0
127,source,553476880339599360,"DEVELOPING: Police pursuing $HASHTAG$ shooting suspects, helicopters deployed - LIVE FEED: $URL$u2 $URL$",19,0,1.0
128,source,553544694765215745,French police publishes photos of suspect in yesterday's Montrouge shooting. Maybe the same persons in Kosher market $URL$u,20,0,1.0
129,source,552982613288157184,Banksy says $HASHTAG$ in a beautiful way (vi $MENTION$) $URL$c,69,0,0.0
130,source,553221600955621376,"Clarissa, $NUMBER$ years old, police trainee of Montrouge Police in $HASHTAG$. Victim of this morning's attack. via $MENTION$ $URL$",28,0,1.0
131,source,553506608203169792,"Map shows industrial estate where $NUMBER$ $HASHTAG$ suspects are holed up, surrounded by police $URL$ $URL$",215,0,1.0
132,source,553152395371630592,This widely shared cartoon about the $HASHTAG$ attack is actually by $MENTION$ and not $HASHTAG$ $URL$cU,601,0,0.0
133,source,553164985460068352,The $HASHTAG$ attack suspects have reportedly fired shots while robbing a petrol station $URL$ $URL$U,38,0,2.0
134,source,553503184174710784,$HASHTAG$ shooting suspects tell police they 'prepared to die as martyrs' - French media $URL$ $URL$,40,0,2.0
135,source,553590835850514433,"Hostage-taker in supermarket siege killed, reports say. $HASHTAG$ $URL$ $URL$",108,0,1.0
136,source,553538058440941568,"MORE: France: Shooting, hostage-taking at kosher market in Paris; several reported wounded: $URL$",41,0,2.0
137,source,552821069036670976,$NUMBER$ $HASHTAG$ cartoonists killed: - Charb - Cabu - Tignous - Georges Wolinski $HASHTAG$ $URL$2,192,0,2.0
138,source,553107921081749504,"Two shot in Paris, including traffic cop, as manhunt continues for $HASHTAG$ suspects $URL$ $URL$1",37,0,1.0
139,source,553576010898497536,Breaking: Gunman at Paris store threatens to kill hostages if $HASHTAG$ suspects are harmed. $URL$,39,0,2.0
140,source,552833028201144320,URGENT: $NUMBER$ gunmen involved in deadly attack on $HASHTAG$ - French interior minister $URL$ $HASHTAG$ $URL$,40,0,0.0
141,source,552792802309181440,$HASHTAG$ - $NUMBER$ dead including $NUMBER$ police in Paris shooting. Photo $MENTION$ $HASHTAG$ $URL$,17,0,1.0
142,source,553467311261503488,Reports of shooting at Dammartin en Goele on route N2 north east of Paris - French media says car chase under way,27,0,2.0
143,source,553587672137334785,AFP: suspected $HASHTAG$ gunmen have been killed,572,0,1.0
144,source,552832817089236992,Stills from eyewitness video show two $HASHTAG$ attackers wearing hoods &amp; black clothing shoot a wounded man $URL$,33,0,1.0
145,source,553461741917863936,Rural region of northern France searched in hunt for $HASHTAG$ gunmen - latest updates $URL$ $URL$,160,3,2.0
146,source,552816020403269632,"Looks like every Charlie Hebdo cartoonist has been killed: $NUMBER$. Charb - was on Al-Qaeda's hit list; $NUMBER$. Cabu, $NUMBER$. Wolinski, $NUMBER$. Tignous",25,0,2.0
147,source,553531413459660800,Update - AFP says gunman who has taken a hostage at kosher supermarket in Paris believed to be suspect in killing of policewoman on Thursday,27,0,1.0
148,source,552811386259386370,At least $NUMBER$ dead in the Paris shooting. Updated story and background info: $URL$ $HASHTAG$ $URL$,65,0,1.0
149,source,552978184413921281,$HASHTAG$'s take on $HASHTAG$. $HASHTAG$ $HASHTAG$ $URL$1,63,0,0.0
150,source,553489393202499584,Paris Murder Suspects Cornered with Hostage $URL$,24,0,0.0
151,source,553575232867672064,MORE: Official: gunman holding at least five hostages in Paris market has threatened to kill them if police approach: $URL$,53,3,2.0
152,source,552814494381256704,UPDATE: $HASHTAG$'s editor-in-chief was killed in attack - Magazine's lawyer $URL$,42,0,0.0
153,source,553566026030272512,"Breaking: Two hostage situations in France are linked, Paris prosecutor says",58,0,1.0
154,source,552802654641225728,Charlie Hebdo shooting latest: $NUMBER$ dead and gunmen still at large $URL$ $URL$,22,0,1.0
155,source,552791196247269378,"BREAKING: At least $NUMBER$ killed in shooting at French satirical newspaper Charlie Hebdo, Paris prosecutor's office says. $URL$",78,0,1.0
156,source,553534838880608256,$HASHTAG$ Gunman in policewoman killing suspected in new Paris hostage-taking: source,23,0,1.0
157,source,553505242554175489,"Suspects in $HASHTAG$ attack spoke to police by phone and said they wanted to die as martyrs, says French MP. $URL$",30,0,2.0
158,source,553553288625672192,$HASHTAG$ Paris hostage-taker 'knows' one Charlie Hebdo killer: source,19,0,1.0
159,source,553587013409325058,$HASHTAG$ Charlie Hebdo gunmen's hostage freed and safe after police assault,596,0,1.0
160,source,553589051044151296,Several hostages freed at Jewish supermarket in Paris. Photo Thomas Samson $HASHTAG$ $URL$,31,0,1.0
161,source,552810448324943872,"$HASHTAG$ SHOOTING: Gunmen shouted 'we have avenged the prophet"" during attack - reports $URL$ $URL$",28,0,2.0
162,source,553590459688570880,Several hostages freed at Jewish supermarket in Paris. Photo Thomas Samson $HASHTAG$ $URL$,698,0,1.0
163,source,553508098825261056,Police have surrounded this building where the suspected $HASHTAG$ attackers are holed-up $URL$ $URL$,69,0,1.0
164,source,553579224402235393,"Hostage-taker at Paris store demands release of $HASHTAG$, police union spokesman says. $URL$ $URL$U",28,0,2.0
165,source,552806309540528128,“$MENTION$: $HASHTAG$ : “The cartoonists Charb &amp; cabu are dead.” $URL$d2 $URL$,44,0,0.0
166,source,553548567420628992,"AFP reports there are $NUMBER$ dead, and $NUMBER$ hostages being held in the Kosher store in Eastern Paris; separate incident to charlie hebdo shooters.",11,0,2.0
167,source,553543369604210689,An $NUMBER$-month old baby is among the hostages at the Kosher supermarket in Paris. Unbearably sad. $URL$9,17,0,1.0
168,source,552791578893619200,Eleven dead in shooting at Paris offices of satirical magazine Charlie Hebdo – live updates $URL$c,28,0,1.0
169,source,552793679082311680,"$NUMBER$ confirmed dead, Francois Hollande to visit scene of attack - latest from Paris: $URL$ $URL$",21,0,1.0
170,source,553160652567498752,French police: Said Kouachi and Cherif Kouachi wanted in Paris terror attack: $URL$ $URL$,38,0,1.0
171,source,553550301886955520,"BREAKING: One person seriously wounded, six taken hostage in incident at kosher supermarket in Paris: police source",119,0,2.0
172,source,553470492565602305,Car chase under way in Paris as gunfight breaks out. Reports of hostages. Latest from Paris: $URL$ $URL$,31,0,2.0
173,source,552984502063337472,$HASHTAG$ Three men including two brothers identified in France newspaper attack: source $URL$u1 $HASHTAG$ $HASHTAG$,18,2,1.0
174,source,553588178687655936,Reports: $HASHTAG$ suspects killed $URL$,84,0,1.0
175,source,552792544132997121,BREAKING Charlie Hebdo latest: $NUMBER$ dead $NUMBER$ wounded (five critical) two gunmen unaccounted for $URL$ $URL$,32,0,1.0
176,source,553212962044149761,"Paris says highest alert level extended north to region where attack suspects spotted - $MENTION$, $MENTION$ $URL$",33,0,2.0
177,source,552805488631758849,"At least $NUMBER$ killed in today's attack on satirical magazine $HASHTAG$ in Paris, official says. $URL$",268,0,1.0
178,source,552783667052167168,"France: $NUMBER$ people dead after shooting at HQ of satirical weekly newspaper $HASHTAG$, according to witnesses $URL$8",38,0,1.0
179,source,553197863971610624,The last person killed in Charlie Hebdo attacks was Muslim police officer $URL$ $URL$C,38,0,0.0
180,source,553586860334010368,$HASHTAG$ killers shot dead by police,131,0,1.0
181,source,553558982476828674,"On Israeli TV, an Israeli woman speaks of her nephew,a mother with $NUMBER$ month old baby, held hostage in the supermarket in Paris. $HASHTAG$",27,0,1.0
182,source,553478289474740224,"$HASHTAG$ : $NUMBER$ dead, several injured in shootout North-East of Paris (French radio $MENTION$ ) $URL$ $HASHTAG$",17,0,0.0
183,source,553518472798683136,MORE: Official: French terror suspects want to be martyrs; are holed up with hostage north of Paris: $URL$,43,0,2.0
184,source,553476490315431937,Police convoy and helicopters are rushing to scene to detain Charlie Hebdo massacre suspects $URL$ $URL$,32,0,1.0
185,source,553587303172833280,Police taking people out of $HASHTAG$ grocery where hostages were being held. $URL$,318,0,1.0
186,source,552834961762709505,Paris Manhunt: $NUMBER$ $HASHTAG$ attackers with AK-47 rifles &amp; reportedly rocket-propelled grenade still at large $URL$,18,0,1.0
187,source,553501357156876290,"$HASHTAG$ suspects ""prepared to die as martyrs"", they tell police after making contact - French media $URL$U",183,0,2.0
188,source,553474188259102720,"BREAKING: Shots fired, hostages taken in manhunt for $HASHTAG$ attackers, police say $URL$ $URL$",78,0,2.0
189,source,552848620375261184,Witnesses say the Charlie Hebdo gunmen identified themselves as members of al-Qaida: $URL$ $URL$,28,0,2.0
190,source,553184482241814530,"I am still confused as to why these ""highly trained"" individuals left their ID in the getaway car. $HASHTAG$",123,2,2.0
191,source,552792913910833152,At least $NUMBER$ dead in shooting at HQ of $HASHTAG$ in $HASHTAG$ (police source) $URL$D,14,0,1.0
192,source,544306719686656000,"US evacuated Consulate in Sydney after $HASHTAG$. Emergency warning to U.S. citizens urging them to ""maintain high level of vigilance"".",69,0,2.0
193,source,544333764814323713,"Gunman's headband reads, ""We are your soldiers O Muhammad"". $HASHTAG$ $HASHTAG$ $URL$9c",20,0,2.0
194,source,544512910538838016,"UPDATE: Hostages fleeing $HASHTAG$ cafe held by Iranian gunman as e$SMILEY$losions, gunshots are heard: $URL$",45,0,2.0
195,source,544292129972170752,BREAKING ALERT: Preliminary reports indicate perpetrators appear to be members of $HASHTAG$. $HASHTAG$,30,0,0.0
196,source,544514564407427072,"Police seem relaxed, suggesting all hostages are out and gunman no longer a threat $URL$ $HASHTAG$",39,0,1.0
197,source,544289941996326912,Prime Minister Tony Abbott's statement on the $HASHTAG$. Updates: $URL$ $URL$,32,0,1.0
198,source,544305540286148609,A man believed to be the gunman filmed wearing a black headband inside the cafe $URL$ $URL$1uU,18,0,1.0
199,source,544278985249550337,Geoblock lifted on $HASHTAG$. Streaming coverage of the Martin Place siege in Sydney here $URL$.,55,0,1.0
200,source,544290258951892992,Central Sydney shut down by police amid ongoing hostage situation: $URL$,47,0,1.0
201,source,544314234541469696,Uber intros surge pricing in downtown Sydney during hostage siege $URL$U $URL$,76,0,1.0
202,source,544287209730236416,"Sydney Opera House evacuated, concourse deserted $URL$ $HASHTAG$ (via $MENTION$) $URL$",32,0,2.0
203,source,544268732046913536,$HASHTAG$: Hostages are being held and a siege is taking place at Sydney's Lindt Chocolat Cafe in Martin Place.,9,0,1.0
204,source,544328894812549121,"$HASHTAG$: Hostage-takers ‘have suicide belts, demand radio convo with $HASHTAG$’ – report $URL$ $URL$",142,0,2.0
205,source,544391533240516608,Five hostages have escaped the besieged Lindt Cafe in $HASHTAG$ | Our latest update: $URL$ $URL$,52,0,1.0
206,source,544278335455776769,"$HASHTAG$ Hostages held inside Sydney cafe, Islamic flag held up",23,0,1.0
207,source,544504183341064192,"Escaped $HASHTAG$ hostage, Elly Chen, a top student and skilled sportswoman $URL$ $URL$",130,0,1.0
208,source,544288681021145090,Up to $NUMBER$ held hostage in Sydney Lindt Cafe siege $URL$ $URL$,24,0,0.0
209,source,544358564484378624,Police: Negotiators are now in contact with armed hostage-taker in Sydney situation; motive remains unknown - $URL$,24,0,1.0
210,source,544399927045283840,"NSW Police confirm $NUMBER$ hostages have emerged from $HASHTAG$ and they are negotiating: ""It might take a bit of time"" $URL$",241,0,1.0
211,source,544491151118860289,"SYDNEY HOSTAGE-TAKER - Man Monis, $NUMBER$ - Originally from Iran - Self-styled sheikh - Accused of sexually assaulting $NUMBER$ women DEVELOPING..",33,0,1.0
212,source,544271069146656768,We understand there are two gunmen and up to a dozen hostages inside the cafe under siege at Sydney.. ISIS flags remain on display $HASHTAG$,20,0,0.0
213,source,544374511194632192,UPDATE: Total of $NUMBER$ people have been able to get out of Sydney cafe during hostage situation: $URL$ $URL$,112,0,1.0
214,source,544517264054423552,$HASHTAG$: Police have confirmed that the $HASHTAG$ is over. $HASHTAG$,275,0,1.0
215,source,544272537341812736,SYDNEY SIEGE: Gunman forces hostages to hold up ISIS flag in window $URL$ $URL$,51,0,0.0
216,source,544324444773433348,"Uber says it has hiked prices in Sydney to ""encourage more drivers to come online &amp; pick up passengers."" $URL$c $HASHTAG$",33,0,1.0
217,source,544309275141885952,Approximately $NUMBER$ hostages may be held captive at $HASHTAG$ café – local reports $URL$ $HASHTAG$ $URL$8,91,0,0.0
218,source,544301453717041152,BREAKING UPDATE: Gunman says four devices are located around Sydney. Security response underway. Police calling for calm. $NUMBER$News,66,0,1.0
219,source,544358533819420672,BREAKING: Three hostages appear to have escaped the Sydney cafe where a siege remains ongoing. $URL$ $HASHTAG$,56,0,1.0
220,source,544350712365207552,$HASHTAG$ Reports two customers and an employee have escaped the $HASHTAG$ $URL$,60,0,1.0
221,source,544513524438155264,"Sydney siege: police enter cafe as hostages flee the scene, gunfire heard, reports of an injured person – live $URL$",1,0,1.0
222,source,544462330105712640,Sydney airspace wasn't closed. A second terror suspect wasn't arrested. Myths around $HASHTAG$ debunked. $URL$d,45,2,0.0
223,source,544319832486064128,"Hostage situation erupts in Sydney cafe, Australian prime minister says it may be ""politically motivated"" $URL$",45,0,1.0
224,source,544382892378714113,Five Hostages Escape Sydney Cafe Siege — Live Updates From $MENTION$ $URL$ $URL$,138,0,1.0
225,source,544380742076088320,"This is shot that captures the $HASHTAG$: sheer terror/relief of escaped hostages, incredible work of $MENTION$ $URL$",267,0,1.0
226,source,544292670336925696,UPDATE: $NUMBER$ hostages inside Sydney coffee shop near Sydney Opera House; Abbott will deliver a statement shortly. $HASHTAG$ $HASHTAG$,43,0,0.0
227,source,544515538383564801,"Haron Monis,Hostage-taker in $HASHTAG$: Fled $HASHTAG$ $NUMBER$,suspect in ex-wife killing,46 sex assaults $URL$ $URL$",33,0,1.0
228,source,544319274072817664,"Ray Hadley says he spoke with hostage, and could hear the gunman in the background barking orders and demanding to go live on air",58,0,1.0
229,source,544512664769396736,"BREAKING: Police enter $HASHTAG$ cafe, hostages flee $URL$ $HASHTAG$ $URL$",61,0,1.0
230,source,544512108885725184,Paramedics are currently carrying out a number of hostages in $HASHTAG$. $HASHTAG$ $HASHTAG$,53,0,1.0
231,source,544510450101415936,"Several more hostages flee from cafe under siege in Sydney, local media say $URL$",146,0,2.0
232,source,544277860555710464,ISIS -holding a Cafe hostage in Sydney- forcing Hostages to press ISIS flags against the Windows $HASHTAG$ HOT! $URL$,100,0,0.0
233,source,544269749405097984,BREAKING: Live coverage of hostage situation unfolding in Sydney's Martin Place $URL$ $URL$,88,0,1.0
234,source,544381485591982083,Reports on $MENTION$ $HASHTAG$ gunman wants $HASHTAG$ flag delivered to cafe and he also wants to speak to PM or people will be killed.,20,0,1.0
235,source,544282005941530624,Hostages in Sydney cafe made to hold up Islamic flags $URL$,51,0,1.0
236,source,544511199702822913,POLICE MOVE IN: Police confirm live ammunition used in Martin Place $HASHTAG$,41,0,1.0
237,source,544305745416581120,Police stand guard as hostages are held in a cafe in Sydney. Follow AFP's LIVE REPORT: $URL$ $URL$,22,0,0.0
238,source,544271362022338560,"Black Islamic flag being held up in window of $HASHTAG$ chocolate store in Martin Place, Sydney - hostages inside. $URL$",35,0,1.0
239,source,544367462012432384,"MORE: Police confirm $NUMBER$ hostages escape Sydney cafe, unknown number remain inside $URL$ $HASHTAG$",76,0,1.0
240,source,544271284796784640,"DEVELOPING: Gunman Takes Hostages In Sydney Cafe, 'ISIS' Flags Being Held Against Window - $URL$ $URL$",20,0,1.0
241,source,544297696308518912,"UPDATE: $NUMBER$ people being held hostage in $HASHTAG$ shop, Opera House evacuated after suspicious package found: reports $URL$9",106,0,0.0
242,source,544352727971954690,"Local media: $NUMBER$ people appear to escape from Martin Place, Sydney, café, amid hostage situation - $MENTION$ $URL$",70,0,1.0
243,source,544289311504355328,Statement from Prime Minister Tony Abbott on Sydney hostage situation. $URL$,45,0,1.0
244,source,544283772569788416,Live Updates: Siege in Sydney Cafe $URL$,49,0,1.0
245,source,544274934835707905,Several people being held hostage at a Sydney cafe. Australian tv showing people with hands up against a window: $URL$,113,0,1.0
246,source,544512676643500033,BREAKING $MENTION$: freed hostage borne high from $HASHTAG$ w/c.4 paramedic teams on the scene $URL$ ( carsonscottLI,34,0,1.0
247,source,544520273718812672,Police confirm that $HASHTAG$ is finally over. Two people reportedly injured after suffering gunshot wounds $URL$,133,0,1.0
248,source,544350567183556608,We can see people coming out a firedoor near the Lindt cafe to waiting police. $NUMBER$-3 people. Hard to see. $HASHTAG$,49,0,1.0
249,source,544293753130082305,DETAILS: The hostage site is Lindt Chocolat Cafe near $HASHTAG$ Harbor $URL$ $URL$,27,0,0.0
250,source,544294893146091520,Ongoing hostage situation in Sydney café. $HASHTAG$ Major landmarks like the Sydney Opera House evacuated $URL$,98,0,1.0
251,source,544476808566276097,TV channels have chosen not to show videos of hostages relaying $HASHTAG$ gunman's demands. $URL$U $URL$,79,0,1.0
252,source,544520042810200064,"$HASHTAG$ is over. $NUMBER$ confirmed dead, $HASHTAG$ $HASHTAG$ $HASHTAG$ $HASHTAG$",22,0,1.0
253,source,544391176137089024,"Hostage taker in Sydney cafe demands ISIS flag and call with Australian PM, Sky News reports. $URL$ $HASHTAG$",34,0,1.0
254,source,544289409294553088,Full statement from PM Abbott on $HASHTAG$ $HASHTAG$ $HASHTAG$. $URL$,29,0,1.0
255,source,544274544174071809,Take a break from bashing Cheney and waterboarding. Possible ISIS terrorist attack ongoing in Sydney. $URL$2,56,0,0.0
256,source,544291804057960448,FIRST PHOTOS: Hostage pressed against a window. $HASHTAG$ $URL$,67,0,1.0
257,source,544282227035869184,"BREAKING NEWS: Gunmen take hostages at Sydney cafe, wave Islamic flag $URL$ $URL$",57,0,1.0
258,source,544315472075042818,US consulate in $HASHTAG$ reportedly evacuated amid ongoing hostage situation at chocolate shop $URL$9 $URL$8,220,0,2.0
259,source,544518335019229184,$HASHTAG$: At least two people have died following the $HASHTAG$. $NUMBER$ people are being treated by paramedics.,45,0,1.0
260,source,544306402731507712,$HASHTAG$ tweets 'Canada's thoughts and prayers are with our Australian friends.' $NUMBER$-40 hostages held in cafe in $HASHTAG$. $HASHTAG$,38,0,0.0
261,source,544291965513134080,"According to Seven, this is a picture of the gunman $URL$",20,0,1.0
262,source,544310853613281281,The Sydney cafe siege may be part of a larger plot. $MENTION$ $HASHTAG$ $URL$ $URL$,55,0,0.0
263,source,544329935943237632,Uber Sydney trips from CBD will be free for riders. Higher rates are still in place to encourage drivers to get into the CBD.,178,0,1.0
264,source,544277117039837184,Flag in window of Sydney Lindt cafe not an ISIS flag. Reads: ‘There is no God but Allah and Muhammad is the messenger of God’ ($MENTION$),48,0,1.0
265,source,544514570367168512,$HASHTAG$: Latest video of hostages escaping. $URL$,111,0,2.0
266,source,500381163866062848,Report: $HASHTAG$ police beat up wrong suspect then charged him for getting blood on uniforms in $NUMBER$ $URL$,43,0,2.0
267,source,500308076004929537,"Possible ""robbery"" took place and BAM! Like magic it's as if another UNARMED black youth being murdered has been forgotten $HASHTAG$ $HASHTAG$",60,3,2.0
268,source,500391222075076610,"Store owner told $MENTION$ Monday that there was a theft, but said it was not MichaelBrown; said it was someone else $HASHTAG$",33,0,2.0
269,source,500307001629745152,It appears that $HASHTAG$ PD are trying to assassinate Mike Brown's character after literally assassinating Mike Brown.,52,0,2.0
270,source,498430783699554305,Witness: Police allegedly stopped Mike Brown after yelling at him to walk on sidewalk. $HASHTAG$ $URL$,53,0,1.0
271,source,500280838710247424,"Police reports released this morning indicate Mike Brown was a suspect in a ""strong-armed"" robbery in $HASHTAG$",35,0,2.0
272,source,500298588992593920,Police have named the cop who shot Michael Brown. $MENTION$'s latest report from $HASHTAG$: $URL$ $URL$,173,0,2.0
273,source,500394061887709184,"The press conf makes $HASHTAG$ PD look like they've gone from stonewalling to counter punching. We give up a name, we drag his thru the mud.",79,0,2.0
274,source,500363740311982081,What's so frustrating is that now we are talking about a robbery and not the killing of an unarmed kid. $HASHTAG$,185,0,2.0
275,source,500377906305327104,"$HASHTAG$ PD charged $HASHTAG$ w/ ""destruction of property"" for bleeding on their uniforms: $URL$ $URL$2",75,0,2.0
276,source,500341884678836224,"Hobby Lobby asks $HASHTAG$ PD for clarification: ""We thought chopping off someone's hand was the maximum penalty for shoplifting""",137,0,2.0
277,source,500298752469770240,Shoot unarmed kid. Conceal evidence. Impose martial law. Harass reporters. Smear the victim. Worst. Police. Ever. $HASHTAG$ $HASHTAG$,420,0,2.0
278,source,500258409988763649,"Name of $HASHTAG$ cop is e$SMILEY$ected to be released by $NUMBER$ ET, police chief says: $URL$ (J.B. Forbes, AP) $URL$",38,0,2.0
279,source,500286058664579072,Update: $HASHTAG$ police release stills from convenience store footage showing robbery $URL$ $URL$,62,0,2.0
280,source,500280422295937024,Darren Wilson is a six year veteran of the $HASHTAG$ Police and had no disciplinary actions against him.,10,0,2.0
281,source,500281131057811456,"BREAKING NEWS: According to documents released to the press, $HASHTAG$ was connected to an earlier robbery $HASHTAG$ $URL$0",40,0,2.0
282,source,500270780832174080,Police in $HASHTAG$ plan to release name of officer who shot unarmed teen Michael Brown: $URL$ $URL$,48,0,2.0
283,source,499366666300846081,Line of police cars with high beams on greets anyone trying to enter $HASHTAG$. It's shut down. No media allowed. $URL$,37,0,2.0
284,source,499612545909415938,"Nearly $NUMBER$k blacks were murdered last yr--almost all by other blacks. A tiny % were unarmed-killed-by-cop. Where's Al, Jesse? $HASHTAG$ $HASHTAG$",41,0,2.0
285,source,500363126294863876,The $HASHTAG$ police chief just basically confirmed $HASHTAG$ was gunned to death for the crime of walking in the street? Horrific.,77,0,2.0
286,source,500303431928922113,"Reminder: Forget the robbery, forget the minor looting. NOTHING justifies militarized police pointing sniper rifles at journalists $HASHTAG$",69,3,2.0
287,source,500413818368184321,"Remarkably, despite the military-style police presence in $HASHTAG$, a known killer was able to skip town $URL$",65,0,2.0
288,source,500371149713178625,In what world do you let a cop who killed someone leave town? $URL$ $HASHTAG$,62,0,2.0
289,source,500389488217309184,$HASHTAG$ chief let most of day go by b4 disclosing (after repeated Qs) that cop who killed $HASHTAG$ knew nothing about robbery. DANGER,86,0,2.0
290,source,500378223977721856,"Oh. So NOW the $HASHTAG$ police chief says the cop didn't know about the robbery when he stopped $HASHTAG$. The kid was ""jaywalking""? BS!",52,2,1.0
291,source,500281094239817728,$HASHTAG$ wanted to walk down the street. And he is dead. And the $HASHTAG$ PD is using his silence in death to make him a criminal.,38,0,2.0
292,source,500294803402137600,Photos of alleged robbery involving Michael Brown in $HASHTAG$ (via police) $URL$ $URL$,83,0,2.0
293,source,500279189405433858,"That was very ""SLICK"" of the Police Chief to create a narrative that $HASHTAG$ was a ""suspect"" in a robbery! $HASHTAG$",58,0,2.0
294,source,498280126254428160,"Mike Brown was staying with his grandmother for the summer, who lived in the community. $HASHTAG$",46,0,2.0
295,source,500327106824245249,"All weekend ppl will be talking about the ""robbery"" instead of the shooting bc $HASHTAG$ PD didn't release any info about the shooting.",41,0,2.0
296,source,500319675797209088,"If we shot everyone in the street for stealing, imagine the carnage on Wall St. $HASHTAG$ $HASHTAG$",99,0,2.0
297,source,500332933098385408,"If you can justify shooting an unarmed teenager by saying ""he might have been committing a misdemeanor"" you are a fucking asshole. $HASHTAG$",137,3,2.0
298,source,499456140044824576,St. Louis Co Police tell me ofcr shot a man who pointed handgun at him at Chambers &amp; Sheffingdell at about $NUMBER$ a.m. Man in critical. $HASHTAG$,23,0,2.0
299,source,500295393301647360,The other day I asked a manager at the $HASHTAG$ Market if police had requested surveillance video. She said no.,67,0,2.0
300,source,500280249629036544,Police name the officer who shot $HASHTAG$ teenager $HASHTAG$. Watch: $URL$ $URL$,101,0,2.0
301,source,500319801344929795,"The day $HASHTAG$ cops told a dirty, bloody lie (via $MENTION$): $URL$u $URL$d2u",98,0,2.0
302,source,498293668655423488,Every $NUMBER$ hours a black male is killed in the United States by police or vigilantes. $HASHTAG$,428,0,2.0
303,source,500377145349521411,to be clear: an unarmed teenager POSSIBLY stealing a box of cigars does not warrant being shot to death by the police. $HASHTAG$,201,0,2.0
304,source,500327120770301952,How many white celebrities have been CAUGHT shoplifting and end up dead in streets? I'll wait. $HASHTAG$,187,0,2.0
305,source,500290456845299714,Here's the police report. Somehow $HASHTAG$ cops valued a box of Swishers at nearly $50. Time to stop smokin I guess $URL$c,154,0,2.0
306,source,500347114975944705,New link: $HASHTAG$ police release video they say shows a robbery involving $HASHTAG$: $URL$d $URL$u,217,0,2.0
307,source,499368931367608320,"Currently the $HASHTAG$ website has zero, repeat, ZERO coverage of the $HASHTAG$ protests, probably due to lack of cowboy hats.",93,0,2.0
308,source,500354773133299713,"In $NUMBER$, $HASHTAG$ police beat a man and charged him for bleeding on them: $URL$",119,0,2.0
309,source,500284699546517505,If there is surveillance of a robbery why release stills and not the video itself? $HASHTAG$,60,3,2.0
310,source,500378522788315137,$HASHTAG$ police: Officer involved in fatal shooting of Michael Brown didn't know he was suspect in alleged robbery. $URL$,46,0,2.0
311,source,500279160795721728,"Question for $HASHTAG$ police chief? If OFFICER DARREN WILSON was in pursuit of a robbery suspect, why tell kids to get out of the road? LIE",114,0,2.0
312,source,499530130487017472,A woman in $HASHTAG$ was shot in head last night and released this selfie. Conflicting reports of how it happened: $URL$,73,0,2.0
313,source,498486826269548545,".$MENTION$ I demand you retract the lie that people in $HASHTAG$ were shouting ""kill the police"", local reporting has refuted your ugly racism",33,2,2.0
314,source,500288349924782080,Did anyone think of comparing the clothes that $HASHTAG$ was wearing when he was laying on the street to the security footage? $HASHTAG$,141,3,2.0
315,source,500278045597368320,URGENT: Darren Wilson is the police officer who shot Mike Brown $URL$ $HASHTAG$ $URL$,50,0,2.0
316,source,576323086888361984,This appears to be the original source of the Putin/Kabayeva/Swiss clinic rumour $URL$,13,3,2.0
317,source,576796432730071040,Unformed Russian Embassy staff in London have left for Russia Rumours Putin HAS DIED! $URL$2 via $MENTION$ $HASHTAG$?,2,0,0.0
318,source,576829262927413248,Very good on $HASHTAG$ coup by $MENTION$: Three Scenarios For A Succession In Russia $URL$ via $MENTION$ $URL$,36,0,2.0
319,source,576276947648405505,Coup in $HASHTAG$? Good article by $MENTION$. $URL$ $HASHTAG$ $HASHTAG$ $HASHTAG$ $URL$,4,0,2.0
320,source,576319832800555008,Hoppla! $MENTION$: Swiss Rumors: Putin absence due to girlfriend Alina giving birth in Ticino $URL$ $URL$,26,0,2.0
321,source,576755174531862529,Coup? RT $MENTION$: Rumors all Russian military attaches at embassy in London have returned to Moscow: $URL$,0,0,2.0
322,source,576513463738109954,Putin reappears on TV amid claims he is unwell and under threat of coup $URL$1 $URL$,20,2,2.0
323,source,576812998418939904,Putin reappears on television amid rumours his 'girlfriend' is about $NUMBER$ give birth $URL$ $URL$ $MENTION$,0,0,2.0
324,source,577258317942149120,Was Vladimir Putin netralized by an internal coup? Or maybe he's vacationing in Harper's closet: $URL$ $HASHTAG$,4,0,2.0
325,source,18dmb4,Even ants won't eat aspartame!,18,0,1.0
326,source,1hzz6y,"""Cancer is a fungus"" - this idea from the s is apparently receiving new attention. Please advise.",17,1,1.0
327,source,1i8cy7,"repost from TIL : 'financial guru' Robert Kiyosaki, author of Rich Dad, Poor Dad, filed for bankruptcy last year",20,1,0.0
328,source,1i8ljs,"Is it true that if you are not a member of the media, the DOJ no longer needs a warrant to obtain your emails and phone records?",9,1,2.0
329,source,22o24j,"How much truth is there in the statement that ""Only %-20% of actually soldiers fired their weapons in WW2?""",201,1,2.0
330,source,249p6c,Debunk This: Microwaves are bad because microwaved water kills plants,20,1,1.0
331,source,25bvmb,"Debunk this: Nicotine isn't really bad for you, and it's the other substances that makes tobacco so harmful.",18,1,1.0
332,source,46uw4y,Would Labour win if young people voted?,58,1,2.0
333,source,46yxoy,California To Allow Illegal Immigrants To Vote For The Next President,3,0,1.0
334,source,49l01s,'Queen backs Brexit' - The Sun front page tomorrow,62,0,1.0
335,source,4c7iec,[Debunk this]Carl Sagan settled an argument between Stanley Kubrick and Arthur C. Clarke about how aliens should look in their film,21,1,2.0
336,source,5938df,"In an episode of a Tv show released recently, someone stated: ""Only % of soldiers during ww2 pulled the trigger"". Is it true?",1,1,2.0
337,source,5l23au,"California driver licenses given to ,000 undocumented immigrants -- found those extra hillary votes",121,0,0.0
338,source,5mkmg1,Debunk this: The '97% consensus' of scientists on climate change is complete bunk... fraudulent statistic repeated everywhere is based on blatant scientific FRAUD,19,2,1.0
339,source,63uefi,Donald Trump's travel eenses in weeks cost US taayers as much as Barack Obama spent in two years,20,0,2.0
340,source,644j1f,Is it true that when you shave hair on a certain part of your body it grows back thicker?,1,1,1.0
341,source,6a4cji,"People of Reddit! Game of Thrones Bosses Confirm That Seasons and Will Be Shorter Than Ever Before, is it true?",0,1,0.0
342,source,6o9ozz,DEBUNK THIS: We could not return to earth after the moon landing because we could not bring enough fuel/rockets to get back.,22,1,1.0
343,source,6rimvf,"Debunk This: ""throughout human history, while % of women have reproduced, only % of men have""",21,1,0.0
344,source,78sxy7,"What exactly is happening when you crack your joints, and is it true that it can cause arthritis?",2,1,1.0
345,source,7jkthr,Did Trump call Republicans “the dumbest group of voters in the country”?,0,1,1.0
346,source,7p7cq,Is it true there has never been a war between two democracies? Yes! Israel's no longer democracy.,1,0,1.0
347,source,7z11oi,"Like in movies, Is it true when police are locating a phone call they need around seconds to locate it ?",2,1,1.0
348,source,8d6h5t,"Brits of Reddit, is it true that when you're done eating, you must place your cutlery together on the same side of the plate? What are other little things like that non-Brits might not know?",3,1,0.0
349,source,8efswb,"Is it true that we have as a species, twice as many female ancestors as we do male? &amp; If so, how does that math work out?",1,1,0.0
350,source,8gp0d7,[Serious] Is it true that % of people can only breath through one nostril at a time? Who here can breathe with both nostrils?,11,1,0.0
351,source,8i274x,Did Eric Schneiderman Help NXIVM Sell Child Sex Slaves To The Clintons?,0,1,1.0
352,source,8n9173,Debunk this: The direction you sleep matters,24,1,1.0
353,source,8unvgg,Is it true police officers must hit a quota at the end of every month? Why?,3,1,1.0
354,source,8yktu5,Jon Sopel: Bizarre. says he came to Turnberry the day before Brexit and he told everyone that he thought Brexit would happen. And that he predicted correctly what would happen the next day. Umm. Not true. He came the day after Brexit. I was there. June,17,2,1.0
355,source,1jvbd8,"Fukushima spewing equivalent of Hiroshima-type nuclear bombs worth of radiation every hour, of every day. (This canNOT be true...)",18,2,1.0
356,source,31xv6u,[serious] Man and dinosaurs lived at the same time.,17,0,1.0
357,source,4dfdvo,"Debunk this: Fluoride declared neurotoxin, causing an adhd and dyslexia pandemic in millions of children worldwide",17,1,1.0
358,source,5qzxep,"Is it true that if you have your phone on charge for too long, it damages your battery? If so, why?",0,1,1.0
359,source,66yxyf,"Debunk this: Mt. Etna has already put out more than ,000x tbe CO2 than humankind has in its entire existence.",38,1,1.0
360,source,6hb6b3,Is it true the Earth is flat? Is there proof? Why there's people that believes it's true?,0,1,1.0
361,source,7d28gk,Is it true that some people in America gets jailed for life to stealing witout violence? Why?,0,1,0.0
362,source,83ddtk,"Oh sweet and wholesome Reddit, is it true US citizens have to pay to use US dollar bills as currency?",0,1,2.0
363,source,8j9s33,Face facts: Immigrants commit fewer crimes than U.S.-born peers,1442,0,0.0
364,source,934q6t,"Iodine increases IQ and is an essential part of the human diet, yet is absent from almost all salts today.",196,0,1.0
