text,id,label,labelvalue
#Breaking: Pentagon releases video of the ‚Äúmother of all bombs‚Äù being dropped in Afghanistan $URL$,852844529778601985,false,1
Rep. Sheila Jackson Lee has no shame. I still laugh over her insistence years ago that hurricanes have African American sounding names!,443938194715713536,true,0
"ICYMI: ""Rep Sheila Jackson Lee (D-Tx) Wants Hurricanes To Be Given 'African-American Names'""
$URL$ $URL$",774165935041093633,true,0
"In 2003, Houston U.S. Rep. Sheila Jackson Lee began calling for hurricanes to have African American names. Agree?",909084965035487232,true,0
Noah‚Äôs Ark Theme Park Destroyed in a Flood? $URL$,897502435593265152,false,1
$MENTION$ I also haven't forgotten her quote about the people whose homes were destroyed in Hurricane Katrina. ‚ÄúAnd‚Ä¶ $URL$,986750534886424576,true,0
"$MENTION$ $MENTION$_Nader ""And so many of the people in the arena here, you know, were underprivileged anyway, so this‚Ä¶ $URL$",986801053168488449,true,0
"My lasting impression of Barbara Bush was the comment she made about Katrina victims. ""And so many of the people in‚Ä¶ $URL$",987323105524768769,true,0
"A remembrance.

""What I'm hearing, which is sort of scary, is that they all want to stay in Texas. Everybody is so‚Ä¶ $URL$",987801763850809344,true,0
Black Lives Matter THUGS Blocking Emergency Crews From Reaching Hurricane Victims - $URL$ via $MENTION$,901939374375370752,false,1
Black Lives Matter THUGS Blocking Emergency Crews From Reaching Hurricane Victims - $URL$ via $MENTION$,902006921523331073,false,1
Black Lives Matter THUGS Blocking Emergency Crews From Reaching Hurricane Victims ‚Äì Bossfeed.     #ma4t  $URL$,905161219274940416,false,1
This is crazy! #CapeTown #capestorm #weatherforecast $URL$,872367878871408640,false,1
Clinton camp delays Weather Channel ad buy after backlash  $URL$ via $MENTION$ $MENTION$ $URL$,784071228248109057,true,0
"Clinton camp delays Weather Channel ad buy after backlash |  $URL$

SHE HAS NO SHAME",784118929799073793,true,0
Clinton camp delays Weather Channel ad buy after backlash $URL$ $URL$,784216706080178176,true,0
REVERSING COURSE: Clinton camp delays Weather Channel ad buy after backlash $URL$,784316107645603840,true,0
Hillary Caught On Tape Laughing About Irma ‚ÄòWiping Out All Of Those Florida Hillbillies‚Äô,909982405167067136,false,1
Hillary Caught On Tape Laughing About Irma ‚ÄòWiping Out All Of Those Florida Hillbillies‚Äô $URL$,910024540578869248,false,1
Hillary Caught On Tape Laughing About Irma ‚ÄòWiping Out All Of Those Florida Hillbillies‚Äô $URL$,910121722149527552,false,1
"Jim Bates, Puerto Rico said:
  Army, Navy, &amp; Fema are helping them. He said: 
    ---CNN LIES!!!!------",914582144952995840,unverified,2
"Jim Bates actually lives in Puerto Rico
They are getting help Army, Navy, FEMA, Ministers &amp; celebrities
Turn off‚Ä¶ $URL$",914684276477710336,unverified,2
Here's how to deal with those clumps of floating fire ants in Houston $URL$ $URL$,904200288059494400,true,0
Japan to ‚Äúdrop tanks‚Äù full of Fukushima nuclear waste directly into the ocean. $URL$¬†#Fukushima #Japan #health,897715873145913344,unverified,2
Japan to ‚Äúdrop tanks‚Äù full of Fukushima nuclear waste directly into the ocean.¬†$URL$ #Fukushima #radiation #nuclear,935577591850979329,unverified,2
Japan Declare Crisis As Fukushima Reactor Begins Falling Into Ocean $URL$ via $MENTION$,828933929080086528,false,1
"Did celebrities donate millions to Katrina? #Houstonflood
Sandra Bullock donates $1 million for Harvey relief $MENTION$ $URL$",903336023362547715,true,0
"Academy Award-Winning Actress Sandra Bullock Donates $1 Million For Harvey Relief, ‚ÄúWe Have‚Ä¶ $URL$ $URL$",903528113631584256,true,0
Prince William and Harry donates $100 million to Hurricane Harvey Victims ‚Äì News360 $URL$,904111594912841729,false,1
BREAKING: Illegal Muslim From Iran Arrested For Starting California Wildfire $URL$,938787800974950400,false,1
BREAKING: Illegal Muslim From Iran Arrested For Starting California Wildfire  $URL$,940078473061609472,false,1
Brilliant......Texas Man Uses Massive Inflatable Dam to Save House $URL$,904762977185808385,true,0
"Category 6? If Hurricane Irma Becomes The Strongest Hurricane In History, It Could Wipe Entire Cities Off The Map $URL$",905290355796533252,false,1
Man who mowed lawn with tornado behind him says he 'was keeping an eye on it.' $URL$ via $MENTION$ #Then off he blew!,872300483272114177,true,0
I bet. You never seen this rare natural phenomena. Lighting hits a River. What a sight. Incredible indeed. $URL$,892781499103277056,false,1
Is the Mississippi River Going Dry? $URL$,919231965471105024,false,1
"""National Geographic channel has paid $ 1 million for this daring video. üëå"" 
via $MENTION$‚Ä¶ $URL$",934715071757819904,false,1
"""$MENTION$: ""National Geographic channel has paid $ 1 million for this daring video. üëå"" 
via $MENTION$ $URL$",934828842505723904,false,1
National Geographic channel has paid   $ 1 million for this daring video. $URL$,941305217454403584,false,1
National Geographic channel has reportedly paid $ 1 million for this daring video. $URL$,944339600998326274,false,1
WTF?  Anyone seen this? HARVEY FLOODING UNCOVERS SECRET STASH OF AMMO HIDDEN BY OBAMA ADMINISTRATION  $URL$,905600465160810497,false,1
Joel Osteen Sails Luxury Yacht Through Flooded Houston To Pass Out Copies Of ‚ÄòYour Best Life Now‚Äô $URL$ via $MENTION$,904727149747326977,false,1
Mike Pence Disappointed God Has Never Asked Him To Kill One Of Own Children $URL$ $URL$,830469481621241857,false,1
Mike Pence Disappointed God Has Never Asked Him To Kill One Of Own Children $URL$ #OurAnnualYear $URL$,945845194699759616,false,1
Report: Red Cross Was Stealing from Church Doorsteps to Redistribute or Sell Items for Profit? (VIDEO) $URL$,907697675184885760,false,1
"Unreal
RT$MENTION$_17
Believe it or not, this is a shark on the freeway in #Houston, #Texas #HurricaneHarvy‚Ä¶ $URL$",902134516575346688,false,1
"WTF RT $MENTION$: Believe it or not, this is a shark on the freeway in Houston, Texas. #HurricaneHarvy $URL$",902224586967621633,false,1
"Breaking! There Believe it or not, this is a shark on the freeway in Houston, Texas. #HurricaneHarvy  retweet to sp‚Ä¶ $URL$",902542822540173314,false,1
"just to start your day.
$MENTION$
Believe it or not, this is a shark on the freeway in Houston, Texas. #HurricaneHarvy $URL$",902595384635043840,false,1
BREAKING: Texas Mosque Refuses To Help Refugees: ‚ÄòAllah Forbids Helping Infidels‚Äô ‚Äì IMAM - ASQUAT TURDS $URL$,904725019372253184,false,1
"But, but, but...looters?
Virgin Islands Allows National Guard To Seize Guns, Ammo Ahead Of Hurricane Irma $URL$",905541650541420546,true,0
"Virgin Islands Allows National Guard To Seize Guns, Ammo Ahead Of Hurricane Irma - The Daily Caller $URL$",905590451876634624,true,0
"ICYMI - Virgin Islands Allows National Guard To Seize Guns, Ammo Ahead Of Hurricane Irma $URL$",905682058621616128,true,0
"Virgin Islands Allows National Guard To Seize Guns, Ammo Ahead Of Hurricane Irma.
$URL$",906170027937849345,true,0
$MENTION$ Know what else is heartbreaking? The House Republican tax bill would eliminate the deduction for pe‚Ä¶ $URL$,939234401681944576,true,0
"From $MENTION$:

""The House Republican tax bill would eliminate the deduction for personal losses from wildfi‚Ä¶ $URL$",951976286301204480,true,0
Debunk This: A friend of mine claims Red Dye causes ADHD and that it makes her hyper.,1d7lzf,unverified,2
Debunk this: 32 companies dodged $72 billion in 2012,1uniwn,unverified,2
Cellphone radiation is real. Here are five ways to protect yourself.,1x8zke,false,1
Supposed photos of mutated daisies near Fukushima - Isn't this just fasciation?,3e7pye,false,1
"Did John Mccain start the fire,and did he give out military secrets when he was held in captivity?",3xqilx,false,1
Debunk this: Six Corporations Control 90% Of The Media In America,4eo2zi,true,0
debunk this : ancient ruins found in antarctica,4ycnf5,unverified,2
is it true google still hasn't profited from youtube after 10 years? and if so why do they even still own youtube why run a website that doesn't even make you money also how could they not profit when they sell ads etc?,53czp3,true,0
Did John McCain Cause the U.S.S. Forrestal Fire in 1967 that killed 134 sailors and injured 161 others?,5tk0zx,false,1
"Debunk This: Fox News is classified as ""entertainment"" and not a news source to avoid regulations regarding factual reporting.",5vvv51,false,1
"Is it true most americans don't own a kettle? If so, why not?",5yp0yt,true,0
"Is it true that in the theta state of meditation, what you yearn/wish for comes true in general?",6jk9iq,false,1
Is there any statement inarguably true? What is the statement and why is it true?,6m1mwg,true,0
Trump's Travel Expenses are well behind Obama's pace.,7g16as,false,1
"[Owen Jones - Twitter] Can it really be true as $MENTION$ told me earlier, that Theresa May has asked for a meeting today with Arlene Foster only to be told Mrs. Foster is busy? Who is running this Government?",7hrc7n,false,1
"Liverpool students campaign to remove Gladstone's name. If this is true, this really is liberalism eating itself. If Gladstone isn't safe, then we should simply pull down every statue just in case. This is the 'snobbery of chronology' - Tim Farron",7imq99,true,0
To everyone outside of U.S. Is it true that it's considered polite in your respective countries to exit your vehicle and approach an officer with your license when pulled over?,879j1c,unverified,2
Is it true that your battery life will improve if you let it charge to 100% before you use it when you first get it?,8e86kt,unverified,2
What computing device kids using nowadays. Is it true that kids no longer use a computer??,8lkwd7,unverified,2
Debunk This: Medical school in France may cost the equivalent of only $450 year,8lwt83,true,0
People who can't smell. Is it true that there is no difference between taste of strawberries and say grapes?,8m9y0o,true,0
Great Pyramid of Giza can focus electromagnetic energy through its hidden chambers,938o5h,true,0
Is it true that the federal government requires immigrants to register with either the Democratic or Republican party?,ayn70,false,1
Is it true Romney has Caymen bank accounts?,wfajw,true,0
"I've been searching, and can't find a single credible source. So I have to know, did Obama actually admit that his birth certificate was fake?",xn2bn,false,1
